alias AlgisKrisciunas Algis Kriščiūnas <algiskrisciunas@gmail.com>
alias ArturasPetronis Arturas Petronis <Art.Petronis@camh.ca>
alias ChristophSax Christoph Sax <christoph.sax@gmail.com>
alias ChristophSaxCynkra Christoph Sax at Cynkra <christoph@cynkra.com>
alias DanielGroot Daniel Groot <danielgroot@gmail.com>
alias EvaldasKoncevicius Evaldas Koncevicius <evaldas@koncevicius.lt>
alias GabrielOh Gabriel Oh <gabriel.oh@gmail.com>
alias JaninaZiukaite Janina Žiūkaitė <ziuk@ibt.lt>
alias JolantaKonceviciene Jolanta Konceviciene <j.simkunaite@gmail.com>
alias JuozasGordevicius Juozas Gordevicius <juozas.gordevicius@gmail.com>
alias KarlCritz Karl Critz <kcritz@resurety.com>
alias KlimentOlechnovic Kliment Olechnovic <kliment.olechnovic@gmail.com>
alias LaimuteKonceviciene Laimute Venckevic <laimute.venckevic@gmail.com>
alias MatthewCarlucci Matthew Carlucci <matt.carlucci.96@gmail.com>
alias MikiSusic Miki Susic <Miki.Susic@camh.ca>
alias PovilasGibas Povilas Gibas <povilasgibas@gmail.com>
alias SashaEbrahimi Sasha Ebrahimi <sasha.ebrahimi@gmail.com>
alias TadasBareikis Tadas Bareikis <Tadasbar@gmail.com>
alias VivianeLabrie Viviane Labrie <Viviane.Labrie@camh.ca>
